No,Kode,Nama Perusahaan,Tahun,Total Aset (ISI),Total Liabilitas (ISI),Total Ekuitas (ISI),Laba Sebelum Pajak (ada),Beban Pajak (ada)
1,AALI,Astra Agro Lestari Tbk.,2022,,,,2429178000000.0,637128000000.0
2,AALI,Astra Agro Lestari Tbk.,2023,,,,1498403000000.0,410232000000.0
3,AALI,Astra Agro Lestari Tbk.,2024,,,,1707128000000.0,520345000000.0
4,ADES,Akasha Wira International Tbk.,2022,,,,464308000000.0,99336000000.0
5,ADES,Akasha Wira International Tbk.,2023,,,,503664000000.0,107866000000.0
6,ADES,Akasha Wira International Tbk.,2024,,,,667728000000.0,140360000000.0
7,AMRT,Sumber Alfaria Trijaya Tbk.,2022,,,,3566789000000.0,659310000000.0
8,AMRT,Sumber Alfaria Trijaya Tbk.,2023,,,,4282347000000.0,798322000000.0
9,AMRT,Sumber Alfaria Trijaya Tbk.,2024,,,,4012185000000.0,792102000000.0
10,ANJT,Austindo Nusantara Jaya Tbk.,2022,,,,539184546875.0,208633171875.0
11,ANJT,Austindo Nusantara Jaya Tbk.,2023,,,,539184546875.0,208633171875.0
12,ANJT,Austindo Nusantara Jaya Tbk.,2024,,,,318069390625.0,119782359375.0
13,BISI,BISI International Tbk.,2022,,,,649844000000.0,126601000000.0
14,BISI,BISI International Tbk.,2023,,,,733895000000.0,138155000000.0
15,BISI,BISI International Tbk.,2024,,,,234980000000.0,56340000000.0
16,CAMP,Campina Ice Cream Industry Tbk,2022,,,,153914313784.0,32656976880.0
17,CAMP,Campina Ice Cream Industry Tbk,2023,,,,160678405480.0,33251940941.0
18,CAMP,Campina Ice Cream Industry Tbk,2024,,,,123791536043.0,27234137929.0
19,CEKA,Wilmar Cahaya Indonesia Tbk.,2022,,,,283149105983.0,62444562911.0
20,CEKA,Wilmar Cahaya Indonesia Tbk.,2023,,,,195807621110.0,42232841486.0
21,CEKA,Wilmar Cahaya Indonesia Tbk.,2024,,,,412748681710.0,87806165261.0
22,CLEO,Sariguna Primatirta Tbk.,2022,,,,248863660595.0,53264811906.0
23,CLEO,Sariguna Primatirta Tbk.,2023,,,,412208114325.0,88115971123.0
24,CLEO,Sariguna Primatirta Tbk.,2024,,,,604839392838.0,130820142985.0
25,CMRY,Cisarua Mountain Dairy Tbk.,2022,,,,1342710000000.0,282128000000.0
26,CMRY,Cisarua Mountain Dairy Tbk.,2023,,,,1561158000000.0,319378000000.0
27,CMRY,Cisarua Mountain Dairy Tbk.,2024,,,,1904792000000.0,385367000000.0
28,CPIN,Charoen Pokphand Indonesia Tbk,2022,,,,3540000000000.0,606820000000.0
29,CPIN,Charoen Pokphand Indonesia Tbk,2023,,,,2996885000000.0,678797000000.0
30,CPIN,Charoen Pokphand Indonesia Tbk,2024,,,,5256354000000.0,1544753000000.0
31,CPRO,Central Proteina Prima Tbk.,2022,,,,476679000000.0,102701000000.0
32,CPRO,Central Proteina Prima Tbk.,2023,,,,522563000000.0,120789000000.0
33,CPRO,Central Proteina Prima Tbk.,2024,,,,448987000000.0,128832000000.0
34,CSRA,Cisadane Sawit Raya Tbk.,2022,,,,330140150685.0,77733481954.0
35,CSRA,Cisadane Sawit Raya Tbk.,2023,,,,198574536830.0,52435547763.0
36,CSRA,Cisadane Sawit Raya Tbk.,2024,,,,289685678422.0,74830790289.0
37,DLTA,Delta Djakarta Tbk.,2022,,,,294211660000.0,64145853000.0
38,DLTA,Delta Djakarta Tbk.,2023,,,,251130452000.0,51518611000.0
39,DLTA,Delta Djakarta Tbk.,2024,,,,181357141000.0,38989742000.0
40,DMND,Diamond Food Indonesia Tbk.,2022,,,,498775000000.0,116670000000.0
41,DMND,Diamond Food Indonesia Tbk.,2023,,,,413132000000.0,94054000000.0
42,DMND,Diamond Food Indonesia Tbk.,2024,,,,465596000000.0,101864000000.0
43,DSFI,Dharma Samudera Fishing Indust,2022,,,,25763792382.0,4381583263.0
44,DSFI,Dharma Samudera Fishing Indust,2023,,,,15583556884.0,3495735345.0
45,DSFI,Dharma Samudera Fishing Indust,2024,,,,15932353861.0,3477193797.0
46,DSNG,Dharma Satya Nusantara Tbk.,2022,,,,1610228000000.0,403641000000.0
47,DSNG,Dharma Satya Nusantara Tbk.,2023,,,,1140643000000.0,298978000000.0
48,DSNG,Dharma Satya Nusantara Tbk.,2024,,,,1640016000000.0,498641000000.0
49,EPMT,Enseval Putera Megatrading Tbk,2022,,,,1096530000000.0,253939000000.0
50,EPMT,Enseval Putera Megatrading Tbk,2023,,,,888575000000.0,200201000000.0
51,EPMT,Enseval Putera Megatrading Tbk,2024,,,,956587000000.0,218259000000.0
52,FAPA,FAP Agri Tbk.,2022,,,,993696965685.0,244386026423.0
53,FAPA,FAP Agri Tbk.,2023,,,,249851687118.0,88172686286.0
54,FAPA,FAP Agri Tbk.,2024,,,,774678975566.0,203224933785.0
55,FISH,FKS Multi Agro Tbk.,2022,,,,"656,869,541,640","145,830,548,890"
56,FISH,FKS Multi Agro Tbk.,2023,,,,"501,164,324,592","119,873,644,384"
57,FISH,FKS Multi Agro Tbk.,2024,,,,"235,193,458,221","80,172,552,758"
58,GGRM,Gudang Garam Tbk.,2022,,,,3646521000000.0,866779000000.0
59,GGRM,Gudang Garam Tbk.,2023,,,,6860816000000.0,1536300000000.0
60,GGRM,Gudang Garam Tbk.,2024,,,,1400554000000.0,419750000000.0
61,GOOD,Garudafood Putra Putri Jaya Tb,2022,,,,674251464663.0,152537429078.0
62,GOOD,Garudafood Putra Putri Jaya Tb,2023,,,,783016628548.0,181549335257.0
63,GOOD,Garudafood Putra Putri Jaya Tb,2024,,,,858879009270.0,171684464786.0
64,GZCO,Gozco Plantations Tbk.,2022,,,,93257000000.0,17439000000.0
65,GZCO,Gozco Plantations Tbk.,2023,,,,12071000000.0,9685000000.0
66,GZCO,Gozco Plantations Tbk.,2024,,,,80971000000.0,18561000000.0
67,HMSP,H.M. Sampoerna Tbk.,2022,,,,8273059000000.0,1949315000000.0
68,HMSP,H.M. Sampoerna Tbk.,2023,,,,10311213000000.0,2214402000000.0
69,HMSP,H.M. Sampoerna Tbk.,2024,,,,8685617000000.0,2039843000000.0
70,ICBP,Indofood CBP Sukses Makmur Tbk,2022,,,,7525385000000.0,1803191000000.0
71,ICBP,Indofood CBP Sukses Makmur Tbk,2023,,,,11444693000000.0,2979570000000.0
72,ICBP,Indofood CBP Sukses Makmur Tbk,2024,,,,11499337000000.0,2685960000000.0
73,INDF,Indofood Sukses Makmur Tbk.,2022,,,,12318765000000.0,3126196000000.0
74,INDF,Indofood Sukses Makmur Tbk.,2023,,,,15615384000000.0,4121651000000.0
75,INDF,Indofood Sukses Makmur Tbk.,2024,,,,17039782000000.0,3962286000000.0
76,ITIC,Indonesian Tobacco Tbk.,2022,,,,32279830698.0,8327507522.0
77,ITIC,Indonesian Tobacco Tbk.,2023,,,,36218089397.0,9254462122.0
78,ITIC,Indonesian Tobacco Tbk.,2024,,,,29384812158.0,8143567946.0
79,JPFA,Japfa Comfeed Indonesia Tbk.,2022,,,,1954529000000.0,463598000000.0
80,JPFA,Japfa Comfeed Indonesia Tbk.,2023,,,,1261237000000.0,315315000000.0
81,JPFA,Japfa Comfeed Indonesia Tbk.,2024,,,,4241472000000.0,1029134000000.0
82,KEJU,Mulia Boga Raya Tbk.,2022,,,,150389911968.0,33019161585.0
83,KEJU,Mulia Boga Raya Tbk.,2023,,,,102980669381.0,22638254124.0
84,KEJU,Mulia Boga Raya Tbk.,2024,,,,185996427344.0,39115890080.0
85,KMDS,Kurniamitra Duta Sentosa Tbk.,2022,,,,61240255109.0,13246909390.0
86,KMDS,Kurniamitra Duta Sentosa Tbk.,2023,,,,65034627432.0,13794734870.0
87,KMDS,Kurniamitra Duta Sentosa Tbk.,2024,,,,69494992663.0,14613524014.0
88,LSIP,PP London Sumatra Indonesia Tb,2022,,,,1283525000000.0,248240000000.0
89,LSIP,PP London Sumatra Indonesia Tb,2023,,,,911426000000.0,150753000000.0
90,LSIP,PP London Sumatra Indonesia Tb,2024,,,,1773053000000.0,297399000000.0
91,MAIN,Malindo Feedmill Tbk.,2022,,,,31829214000.0,5611557000.0
92,MAIN,Malindo Feedmill Tbk.,2023,,,,111395613000.0,48232867000.0
93,MAIN,Malindo Feedmill Tbk.,2024,,,,638164550000.0,150206967000.0
94,MIDI,Midi Utama Indonesia Tbk.,2022,,,,495021000000.0,95900000000.0
95,MIDI,Midi Utama Indonesia Tbk.,2023,,,,635940000000.0,119622000000.0
96,MIDI,Midi Utama Indonesia Tbk.,2024,,,,658275000000.0,182698000000.0
97,MLBI,Multi Bintang Indonesia Tbk.,2022,,,,1246487000000.0,321581000000.0
98,MLBI,Multi Bintang Indonesia Tbk.,2023,,,,1397720000000.0,331253000000.0
99,MLBI,Multi Bintang Indonesia Tbk.,2024,,,,1447924000000.0,305678000000.0
100,MLPL,Multipolar Tbk.,2022,,,,634347000000.0,95297000000.0
101,MLPL,Multipolar Tbk.,2023,,,,291105000000.0,66636000000.0
102,MLPL,Multipolar Tbk.,2024,,,,444442000000.0,75585000000.0
103,MYOR,Mayora Indah Tbk.,2022,,,,2506057517934.0,535992979785.0
104,MYOR,Mayora Indah Tbk.,2023,,,,4093715832812.0,848843741591.0
105,MYOR,Mayora Indah Tbk.,2024,,,,3881094493336.0,813426817929.0
106,PGUN,Pradiksi Gunatama Tbk.,2022,,,,188875205126.0,21628659747.0
107,PGUN,Pradiksi Gunatama Tbk.,2023,,,,139399064133.0,31342476545.0
108,PGUN,Pradiksi Gunatama Tbk.,2024,,,,101823072593.0,22641909865.0
109,PSGO,Palma Serasih Tbk.,2022,,,,318534090195.0,60851959498.0
110,PSGO,Palma Serasih Tbk.,2023,,,,659627712050.0,110383707164.0
111,PSGO,Palma Serasih Tbk.,2024,,,,439133492122.0,88486017851.0
112,ROTI,Nippon Indosari Corpindo Tbk.,2022,,,,572782719985.0,140534997731.0
113,ROTI,Nippon Indosari Corpindo Tbk.,2023,,,,427990685263.0,94690264300.0
114,ROTI,Nippon Indosari Corpindo Tbk.,2024,,,,468944996208.0,106749297728.0
115,SDPC,Millennium Pharmacon Internati,2022,,,,36464134244.0,12000079369.0
116,SDPC,Millennium Pharmacon Internati,2023,,,,47960768133.0,14879566285.0
117,SDPC,Millennium Pharmacon Internati,2024,,,,27701302589.0,10787170467.0
118,SGRO,Sampoerna Agro Tbk.,2022,,,,1404039000000.0,364596000000.0
119,SGRO,Sampoerna Agro Tbk.,2023,,,,744305000000.0,303526000000.0
120,SGRO,Sampoerna Agro Tbk.,2024,,,,1068205000000.0,370721000000.0
121,SIMP,Salim Ivomas Pratama Tbk.,2022,,,,2396986000000.0,887381000000.0
122,SIMP,Salim Ivomas Pratama Tbk.,2023,,,,1487689000000.0,560911000000.0
123,SIMP,Salim Ivomas Pratama Tbk.,2024,,,,2985104000000.0,801454000000.0
124,SKLT,Sekar Laut Tbk.,2022,,,,92439536022.0,17574233946.0
125,SKLT,Sekar Laut Tbk.,2023,,,,124697224386.0,27433389365.0
126,SKLT,Sekar Laut Tbk.,2024,,,,151442413569.0,34153623762.0
127,SMAR,Smart Tbk.,2022,,,,6805971000000.0,1301015000000.0
128,SMAR,Smart Tbk.,2023,,,,1108886000000.0,191016000000.0
129,SMAR,Smart Tbk.,2024,,,,1585442000000.0,307173000000.0
130,SSMS,Sawit Sumbermas Sarana Tbk.,2022,,,,2275566311000.0,427447333000.0
131,SSMS,Sawit Sumbermas Sarana Tbk.,2023,,,,552135147000.0,208119522000.0
132,SSMS,Sawit Sumbermas Sarana Tbk.,2024,,,,1226103304000.0,381411919000.0
133,STTP,Siantar Top Tbk.,2022,,,,756723520605.0,132199514819.0
134,STTP,Siantar Top Tbk.,2023,,,,1102640346668.0,184846323957.0
135,STTP,Siantar Top Tbk.,2024,,,,1509020656369.0,194589882421.0
136,TAPG,Triputra Agro Persada Tbk.,2022,,,,3689281000000.0,600536000000.0
137,TAPG,Triputra Agro Persada Tbk.,2023,,,,1941098000000.0,279840000000.0
138,TAPG,Triputra Agro Persada Tbk.,2024,,,,3926904000000.0,686305000000.0
139,TBLA,Tunas Baru Lampung Tbk.,2022,,,,1020318000000.0,218878000000.0
140,TBLA,Tunas Baru Lampung Tbk.,2023,,,,785873000000.0,173655000000.0
141,TBLA,Tunas Baru Lampung Tbk.,2024,,,,903960000000.0,202940000000.0
142,TGKA,Tigaraksa Satria Tbk.,2022,,,,604907000000.0,126640962325.0
143,TGKA,Tigaraksa Satria Tbk.,2023,,,,587515000000.0,146416000000.0
144,TGKA,Tigaraksa Satria Tbk.,2024,,,,493616000000.0,91199000000.0
145,UCID,Uni-Charm Indonesia Tbk.,2022,,,,431083000000.0,117435000000.0
146,UCID,Uni-Charm Indonesia Tbk.,2023,,,,574215000000.0,139683000000.0
147,UCID,Uni-Charm Indonesia Tbk.,2024,,,,461629000000.0,111188000000.0
148,ULTJ,Ultrajaya Milk Industry & Trad,2022,,,,1288998000000.0,323512000000.0
149,ULTJ,Ultrajaya Milk Industry & Trad,2023,,,,1507285000000.0,321124000000.0
150,ULTJ,Ultrajaya Milk Industry & Trad,2024,,,,1506963000000.0,353047000000.0
151,UNSP,Bakrie Sumatera Plantations Tb,2022,,,,946717000000.0,16510000000.0
152,UNSP,Bakrie Sumatera Plantations Tb,2023,,,,94995000000.0,68858000000.0
153,UNSP,Bakrie Sumatera Plantations Tb,2024,,,,280258000000.0,141369000000.0
154,UNVR,Unilever Indonesia Tbk.,2022,,,,6993803000000.0,1629042000000.0
155,UNVR,Unilever Indonesia Tbk.,2023,,,,6201876000000.0,1400936000000.0
156,UNVR,Unilever Indonesia Tbk.,2024,,,,4350424000000.0,981731000000.0
157,VICI,Victoria Care Indonesia Tbk.,2022,,,,132396468529.0,34757414841.0
158,VICI,Victoria Care Indonesia Tbk.,2023,,,,235756772393.0,57301606431.0
159,VICI,Victoria Care Indonesia Tbk.,2024,,,,226992947180.0,51047316672.0
160,WIIM,Wismilak Inti Makmur Tbk.,2022,,,,319471051042.0,69826921963.0
161,WIIM,Wismilak Inti Makmur Tbk.,2023,,,,634835802093.0,140106627787.0
162,WIIM,Wismilak Inti Makmur Tbk.,2024,,,,376735000000.0,78021500000.0
