Kode,Nama Perusahaan,Tahun,Saham Institusional,Saham Beredar,X1,Total Komite Audit (X2),Jml Komisaris Independen,Total Dewan Komisaris,X3,Direksi Perempuan,Total Direksi,X4,Saham Manajemen,Saham Beredar (KM),X5,Beban Pajak,Laba Sebelum Pajak,Y
AALI,Astra Agro Lestari Tbk.,2022,1533682440.0,1924688333.0,0.7968471641377171,3,2.0,4.0,0.5,0.0,7.0,0.0,0,1924688333.0,0.0,637128000000.0,2429178000000.0,0.26228131491393386
AALI,Astra Agro Lestari Tbk.,2023,1533682440.0,1924688333.0,0.7968471641377171,3,2.0,4.0,0.5,0.0,7.0,0.0,0.0,1924688333.0,0.0,410232000000.0,1498403000000.0,0.27377948389051543
AALI,Astra Agro Lestari Tbk.,2024,1533682440.0,1924688333.0,0.7968471641377171,3,2.0,4.0,0.5,1.0,7.0,0.14285714285714285,0.0,1924688333.0,0.0,520345000000.0,1707128000000.0,0.3048072552263216
ADES,Akasha Wira International Tbk.,2022,539896713.0,589896800.0,0.9152392638848016,3,1.0,3.0,0.3333333333333333,0.0,2.0,0.0,4000.0,589896800.0,6.780847090541939e-06,99336000000.0,464308000000.0,0.21394419221723512
ADES,Akasha Wira International Tbk.,2023,539896713.0,589896800.0,0.9152392638848016,3,1.0,3.0,0.3333333333333333,0.0,2.0,0.0,4000.0,589896800.0,6.780847090541939e-06,107866000000.0,503664000000.0,0.21416261634740622
ADES,Akasha Wira International Tbk.,2024,538896713.0,589896800.0,0.913544052112166,3,1.0,3.0,0.3333333333333333,1.0,3.0,0.3333333333333333,11900.0,589896800.0,2.017302009436227e-05,140360000000.0,667728000000.0,0.21020535307789998
AMRT,Sumber Alfaria Trijaya Tbk.,2022,22084986056.0,41524501700.0,0.5318543306204202,3,3.0,5.0,0.6,0.0,6.0,0.0,651290700.0,41524501700.0,0.015684491645567417,659310000000.0,3566789000000.0,0.1848469309510599
AMRT,Sumber Alfaria Trijaya Tbk.,2023,22084986056.0,41524501700.0,0.5318543306204202,3,2.0,4.0,0.5,0.0,6.0,0.0,595559800.0,41524501700.0,0.014342370783946096,798322000000.0,4282347000000.0,0.18642160478821543
AMRT,Sumber Alfaria Trijaya Tbk.,2024,22084986056.0,41524501700.0,0.5318543306204202,3,2.0,4.0,0.5,0.0,6.0,0.0,561154800.0,41524501700.0,0.013513823815494456,792102000000.0,4012185000000.0,0.19742409684498596
ANJT,Austindo Nusantara Jaya Tbk.,2022,2740100024.0,3354175000.0,0.8169222011373884,3,3.0,8.0,0.375,1.0,5.0,0.2,329789727.0,3333204088.0,0.09894075438923439,208633171875.0,539184546875.0,0.3869420462514994
ANJT,Austindo Nusantara Jaya Tbk.,2023,2740100024.0,3354175000.0,0.8169222011373884,3,3.0,7.0,0.42857142857142855,1.0,6.0,0.16666666666666666,330989727.0,3354175000.0,0.09867992188839282,208633171875.0,539184546875.0,0.3869420462514994
ANJT,Austindo Nusantara Jaya Tbk.,2024,2740100024.0,3354175000.0,0.8169222011373884,3,2.0,7.0,0.2857142857142857,1.0,6.0,0.16666666666666666,330989727.0,3354175000.0,0.09867992188839282,119782359375.0,318069390625.0,0.3765919101477513
BISI,BISI International Tbk.,2022,1624312500.0,3000000000.0,0.5414375,3,1.0,3.0,0.3333333333333333,0.0,4.0,0.0,2748900.0,3000000000.0,0.0009163,126601000000.0,649844000000.0,0.19481752543687408
BISI,BISI International Tbk.,2023,1624312500.0,3000000000.0,0.5414375,3,2.0,4.0,0.5,0.0,6.0,0.0,3232900.0,3000000000.0,0.0010776333333333333,138155000000.0,733895000000.0,0.18824900019757596
BISI,BISI International Tbk.,2024,1961185100.0,3000000000.0,0.6537283666666667,3,2.0,4.0,0.5,0.0,4.0,0.0,3058900.0,3000000000.0,0.0010196333333333334,56340000000.0,234980000000.0,0.2397650863903311
CAMP,Campina Ice Cream Industry Tbk,2022,11214300.0,5885000000.0,0.0019055734919286322,3,1.0,2.0,0.5,0.0,5.0,0.0,50750000.0,5885000000.0,0.008623619371282922,32656976880.0,153914313784.0,0.21217634719685716
CAMP,Campina Ice Cream Industry Tbk,2023,12637400.0,5885000000.0,0.0021473916737468138,3,1.0,2.0,0.5,0.0,5.0,0.0,89480900.0,5885000000.0,0.015204910790144435,33251940941.0,160678405480.0,0.20694716780182976
CAMP,Campina Ice Cream Industry Tbk,2024,54444400.0,5885000000.0,0.009251384876805437,3,1.0,2.0,0.5,0.0,5.0,0.0,89480900.0,5885000000.0,0.015204910790144435,27234137929.0,123791536043.0,0.21999999999628408
CEKA,Wilmar Cahaya Indonesia Tbk.,2022,517771000.0,595000000.0,0.8702033613445378,3,1.0,3.0,0.3333333333333333,1.0,3.0,0.3333333333333333,0.0,595000000.0,0.0,62444562911.0,283149105983.0,0.22053597059476188
CEKA,Wilmar Cahaya Indonesia Tbk.,2023,517771000.0,595000000.0,0.8702033613445378,3,1.0,2.0,0.5,1.0,3.0,0.3333333333333333,0.0,595000000.0,0.0,42232841486.0,195807621110.0,0.21568538163422457
CEKA,Wilmar Cahaya Indonesia Tbk.,2024,517771000.0,595000000.0,0.8702033613445378,3,1.0,2.0,0.5,1.0,3.0,0.3333333333333333,0.0,595000000.0,0.0,87806165261.0,412748681710.0,0.21273518039409076
CLEO,Sariguna Primatirta Tbk.,2022,9225600000.0,12000000000.0,0.7688,3,1.0,3.0,0.3333333333333333,2.0,6.0,0.3333333333333333,105061600.0,11959987600.0,0.00878442382331567,53264811906.0,248863660595.0,0.2140321000609366
CLEO,Sariguna Primatirta Tbk.,2023,9225600000.0,12000000000.0,0.7688,3,1.0,3.0,0.3333333333333333,1.0,5.0,0.2,125311600.0,11959987600.0,0.010477569391459904,88115971123.0,412208114325.0,0.21376573643459656
CLEO,Sariguna Primatirta Tbk.,2024,9225600000.0,12000000000.0,0.7688,3,1.0,3.0,0.3333333333333333,1.0,5.0,0.2,125311600.0,11959987600.0,0.010477569391459904,130820142985.0,604839392838.0,0.21628905877173715
CMRY,Cisarua Mountain Dairy Tbk.,2022,1502169950.0,7934683000.0,0.0019055734919286322,3,1.0,3.0,0.3333333333333333,0.0,5.0,0.0,6070432000.0,7934683000.0,0.7650503492073975,282128000000.0,1342710000000.0,0.21011834275457844
CMRY,Cisarua Mountain Dairy Tbk.,2023,1811872546.0,7934683000.0,0.0021473916737468138,4,1.0,3.0,0.3333333333333333,0.0,5.0,0.0,5965562100.0,7934683000.0,0.7518337027452766,319378000000.0,1561158000000.0,0.20457762763282128
CMRY,Cisarua Mountain Dairy Tbk.,2024,1881322419.0,7934683000.0,0.009251384876805437,4,1.0,3.0,0.3333333333333333,0.0,6.0,0.0,5957444200.0,7934683000.0,0.7508106120937661,385367000000.0,1904792000000.0,0.20231447843124079
CPIN,Charoen Pokphand Indonesia Tbk,2022,16281428294.0,16398000000.0,0.9928911022075863,3,1.0,3.0,0.3333333333333333,1.0,6.0,0.16666666666666666,0.0,16398000000.0,0.0,606820000000.0,3540000000000.0,0.1714180790960452
CPIN,Charoen Pokphand Indonesia Tbk,2023,16249043677.0,16398000000.0,0.9909161895962922,3,2.0,4.0,0.5,1.0,6.0,0.16666666666666666,0.0,16398000000.0,0.0,678797000000.0,2996885000000.0,0.22650085004930118
CPIN,Charoen Pokphand Indonesia Tbk,2024,16236405077.0,16398000000.0,0.9901454492621051,3,2.0,4.0,0.5,1.0,6.0,0.16666666666666666,0.0,16398000000.0,0.0,1544753000000.0,5256354000000.0,0.2938829842891099
CPRO,Central Proteina Prima Tbk.,2022,47993457379.0,59572382787.0,0.8056326628833994,3,2.0,6.0,0.3333333333333333,0.0,6.0,0.0,11350200.0,59572382787.0,0.00019052788337479195,102701000000.0,476679000000.0,0.21545106874857084
CPRO,Central Proteina Prima Tbk.,2023,47130068624.0,59572382787.0,0.7911395586191797,3,2.0,4.0,0.5,0.0,7.0,0.0,11350200.0,59572382787.0,0.00019052788337479195,120789000000.0,522563000000.0,0.23114724923119317
CPRO,Central Proteina Prima Tbk.,2024,59561032587.0,59572382787.0,0.9998094721166252,3,2.0,4.0,0.5,0.0,7.0,0.0,11350200.0,59572382787.0,0.00019052788337479195,128832000000.0,448987000000.0,0.28693926550211923
CSRA,Cisadane Sawit Raya Tbk.,2022,1869235902.0,2050000000.0,0.9118223912195121,3,1.0,3.0,0.3333333333333333,0.0,4.0,0.0,0.0,2050000000.0,0.0,77733481954.0,330140150685.0,0.23545600797937674
CSRA,Cisadane Sawit Raya Tbk.,2023,1782916872.0,2050000000.0,0.8697155473170731,3,1.0,3.0,0.3333333333333333,0.0,4.0,0.0,0.0,2050000000.0,0.0,52435547763.0,198574536830.0,0.26405977624356824
CSRA,Cisadane Sawit Raya Tbk.,2024,1781349326.0,2050000000.0,0.8689508907317073,3,1.0,3.0,0.3333333333333333,0.0,4.0,0.0,0.0,2050000000.0,0.0,74830790289.0,289685678422.0,0.2583171895021684
DLTA,Delta Djakarta Tbk.,2022,536005850.0,800659050.0,0.6694558064384584,3,2.0,5.0,0.4,0.0,4.0,0.0,0.0,800659050.0,0.0,64145853000.0,294211660000.0,0.21802620943031287
DLTA,Delta Djakarta Tbk.,2023,531555650.0,800659050.0,0.6638976353292952,3,2.0,5.0,0.4,0.0,4.0,0.0,0.0,800659050.0,0.0,51518611000.0,251130452000.0,0.20514680951555808
DLTA,Delta Djakarta Tbk.,2024,528752050.0,800659050.0,0.6603960200037706,3,2.0,5.0,0.4,0.0,5.0,0.0,0.0,800659050.0,0.0,38989742000.0,181357141000.0,0.2149887331979941
DMND,Diamond Food Indonesia Tbk.,2022,1951832764.0,9468359000.0,0.2061426656931787,3,3.0,5.0,0.6,0.0,3.0,0.0,3752768286.0,9468359000.0,0.39634833089873334,116670000000.0,498775000000.0,0.2339130870633051
DMND,Diamond Food Indonesia Tbk.,2023,1951902464.0,9468359000.0,0.20615002705326235,3,4.0,5.0,0.8,0.0,2.0,0.0,3752768286.0,9468359000.0,0.39634833089873334,94054000000.0,413132000000.0,0.22766089288653504
DMND,Diamond Food Indonesia Tbk.,2024,2609379213.0,9468359000.0,0.27558938280646095,3,4.0,6.0,0.6666666666666666,0.0,3.0,0.0,3306889113.0,9468359000.0,0.34925683669155344,101864000000.0,465596000000.0,0.2187819482985249
DSFI,Dharma Samudera Fishing Indust,2022,1286896450.0,1857135500.0,0.6929469874438349,3,2.0,5.0,0.4,1.0,4.0,0.25,0.0,1857135500.0,0.0,4381583263.0,25763792382.0,0.17006748067342814
DSFI,Dharma Samudera Fishing Indust,2023,1286896450.0,1857135500.0,0.6929469874438349,3,2.0,5.0,0.4,1.0,4.0,0.25,0.0,1857135500.0,0.0,3495735345.0,15583556884.0,0.22432204476945522
DSFI,Dharma Samudera Fishing Indust,2024,1286896450.0,1857135500.0,0.6929469874438349,3,2.0,5.0,0.4,1.0,4.0,0.25,0.0,1857135500.0,0.0,3477193797.0,15932353861.0,0.21824733666703489
DSNG,Dharma Satya Nusantara Tbk.,2022,8012830350.0,10599842400.0,0.755938630747944,3,3.0,9.0,0.3333333333333333,2.0,6.0,0.3333333333333333,972717500.0,10599842400.0,0.09176716627409479,403641000000.0,1610228000000.0,0.25067319659079335
DSNG,Dharma Satya Nusantara Tbk.,2023,8035943250.0,10599842400.0,0.7581191254315253,3,3.0,9.0,0.3333333333333333,2.0,8.0,0.25,1548685000.0,10599842400.0,0.14610453076170266,298978000000.0,1140643000000.0,0.26211356226268867
DSNG,Dharma Satya Nusantara Tbk.,2024,8180337350.0,10599842400.0,0.7717414128723272,3,3.0,9.0,0.3333333333333333,2.0,8.0,0.25,1548685000.0,10599842400.0,0.14610453076170266,498641000000.0,1640016000000.0,0.30404642393732745
EPMT,Enseval Putera Megatrading Tbk,2022,2652683509.0,2708640000.0,0.9793414809646169,3,2.0,6.0,0.3333333333333333,0.0,3.0,0.0,4637868.0,2708640000.0,0.0017122496898812688,253939000000.0,1096530000000.0,0.23158417918342408
EPMT,Enseval Putera Megatrading Tbk,2023,2587535375.0,2708640000.0,0.9552895087571622,3,2.0,5.0,0.4,1.0,4.0,0.25,4637868.0,2708640000.0,0.0017122496898812688,200201000000.0,888575000000.0,0.2253056860703936
EPMT,Enseval Putera Megatrading Tbk,2024,2653447069.0,2708640000.0,0.9796233788912517,3,2.0,5.0,0.4,1.0,4.0,0.25,4637868.0,2708640000.0,0.0017122496898812688,218259000000.0,956587000000.0,0.2281642966086723
FAPA,FAP Agri Tbk.,2022,3085000000.0,3629411800.0,0.8499999917341978,3,1.0,2.0,0.5,0.0,2.0,0.0,0.0,3629411800.0,0.0,244386026423.0,993696965685.0,0.24593617054524639
FAPA,FAP Agri Tbk.,2023,3629205000.0,3629411800.0,0.9999430210702461,3,1.0,2.0,0.5,0.0,2.0,0.0,0.0,3629411800.0,0.0,88172686286.0,249851687118.0,0.3529001036697334
FAPA,FAP Agri Tbk.,2024,3629266900.0,3629411800.0,0.9999600761754287,3,1.0,2.0,0.5,0.0,2.0,0.0,0.0,3629411800.0,0.0,203224933785.0,774678975566.0,0.26233438649412
FISH,FKS Multi Agro Tbk.,2022,429486100.0,480000000.0,0.8947627083333334,3,2.0,4.0,0.5,1.0,5.0,0.2,0.0,480000000.0,0.0,"145,830,548,890","656,869,541,640",0.22200838925474645
FISH,FKS Multi Agro Tbk.,2023,429486100.0,480000000.0,0.8947627083333334,3,2.0,4.0,0.5,2.0,6.0,0.3333333333333333,0.0,480000000.0,0.0,"119,873,644,384","501,164,324,592",0.23919029847463633
FISH,FKS Multi Agro Tbk.,2024,429426100.0,480000000.0,0.8946377083333333,3,2.0,4.0,0.5,2.0,6.0,0.3333333333333333,0.0,480000000.0,0.0,"80,172,552,758","235,193,458,221",0.34087917820684327
GGRM,Gudang Garam Tbk.,2022,1750920080.0,1924088000.0,0.91,3,2.0,4.0,0.5,0.0,9.0,0.0,12946930.0,1924088000.0,0.006728865831500431,866779000000.0,3646521000000.0,0.2377002627984317
GGRM,Gudang Garam Tbk.,2023,1729755112.0,1924088000.0,0.899,3,2.0,4.0,0.5,0.0,9.0,0.0,12946930.0,1924088000.0,0.006728865831500431,1536300000000.0,6860816000000.0,0.2239238014836719
GGRM,Gudang Garam Tbk.,2024,1725906936.0,1924088000.0,0.897,3,2.0,4.0,0.5,0.0,9.0,0.0,12946930.0,1924088000.0,0.006728865831500431,419750000000.0,1400554000000.0,0.29970283187938485
GOOD,Garudafood Putra Putri Jaya Tb,2022,19084750105.0,36897901455.0,0.517231315398124,3,3.0,9.0,0.3333333333333333,0.0,6.0,0.0,3405823950.0,36897901455.0,0.09230400146614517,152537429078.0,674251464663.0,0.22623225468889455
GOOD,Garudafood Putra Putri Jaya Tb,2023,18714539205.0,36897901455.0,0.5071979290698662,3,3.0,9.0,0.3333333333333333,0.0,6.0,0.0,6316659660.0,36897901455.0,0.17119292455435933,181549335257.0,783016628548.0,0.2318588502949919
GOOD,Garudafood Putra Putri Jaya Tb,2024,15583258305.0,36897901455.0,0.42233454181683083,3,3.0,9.0,0.3333333333333333,0.0,6.0,0.0,7278909760.0,36897901455.0,0.19727164616332515,171684464786.0,858879009270.0,0.1998936554892899
GZCO,Gozco Plantations Tbk.,2022,4364761500.0,6000000000.0,0.72746025,3,1.0,3.0,0.3333333333333333,0.0,5.0,0.0,1601461100.0,6000000000.0,0.26691018333333333,17439000000.0,93257000000.0,0.18699936733971712
GZCO,Gozco Plantations Tbk.,2023,3893343500.0,6000000000.0,0.6488905833333334,3,1.0,3.0,0.3333333333333333,0.0,4.0,0.0,1600461100.0,6000000000.0,0.2667435166666667,9685000000.0,12071000000.0,0.8023361776157734
GZCO,Gozco Plantations Tbk.,2024,3893343500.0,6000000000.0,0.6488905833333334,3,1.0,3.0,0.3333333333333333,0.0,4.0,0.0,1600461100.0,6000000000.0,0.2667435166666667,18561000000.0,80971000000.0,0.22923021822627854
HMSP,H.M. Sampoerna Tbk.,2022,110925087423.0,116318076900.0,0.9536358438797401,3,2.0,4.0,0.5,3.0,7.0,0.5,0.0,116318076900.0,0.0,1949315000000.0,8273059000000.0,0.23562203533179202
HMSP,H.M. Sampoerna Tbk.,2023,110919238399.0,116318076900.0,0.9535855591419256,3,2.0,4.0,0.5,1.0,7.0,0.14285714285714285,0.0,116318076900.0,0.0,2214402000000.0,10311213000000.0,0.21475669254432045
HMSP,H.M. Sampoerna Tbk.,2024,110554865578.0,116318076900.0,0.9504530037325608,3,2.0,4.0,0.5,1.0,8.0,0.125,0.0,116318076900.0,0.0,2039843000000.0,8685617000000.0,0.23485297590257548
ICBP,Indofood CBP Sukses Makmur Tbk,2022,9391678000.0,11661908000.0,0.8053294538080733,3,3.0,6.0,0.5,1.0,16.0,0.0625,0.0,11661908000.0,0.0,1803191000000.0,7525385000000.0,0.2396144516194188
ICBP,Indofood CBP Sukses Makmur Tbk,2023,9391678000.0,11661908000.0,0.8053294538080733,3,3.0,6.0,0.5,0.0,16.0,0.0,0.0,11661908000.0,0.0,2979570000000.0,11444693000000.0,0.26034512240739005
ICBP,Indofood CBP Sukses Makmur Tbk,2024,9391678000.0,11661908000.0,0.8053294538080733,3,3.0,6.0,0.5,0.0,17.0,0.0,0.0,11661908000.0,0.0,2685960000000.0,11499337000000.0,0.23357520524878955
INDF,Indofood Sukses Makmur Tbk.,2022,8481013956.0,8780426500.0,0.9658999999601386,3,3.0,8.0,0.375,2.0,19.0,0.10526315789473684,1380020.0,8780426500.0,0.0001571700417969446,3126196000000.0,12318765000000.0,0.25377511463202684
INDF,Indofood Sukses Makmur Tbk.,2023,8301015213.0,8780426500.0,0.945399999988611,3,3.0,8.0,0.375,2.0,19.0,0.10526315789473684,1380020.0,8780426500.0,0.0001571700417969446,4121651000000.0,15615384000000.0,0.2639481039979548
INDF,Indofood Sukses Makmur Tbk.,2024,8474867658.0,8780426500.0,0.965200000022778,3,3.0,8.0,0.375,2.0,19.0,0.10526315789473684,1380020.0,8780426500.0,0.0001571700417969446,3962286000000.0,17039782000000.0,0.23253149600153336
ITIC,Indonesian Tobacco Tbk.,2022,66000000.0,940720000.0,0.07015902712815715,3,1.0,2.0,0.5,1.0,4.0,0.25,600660000.0,940720000.0,0.638510927799983,8327507522.0,32279830698.0,0.25797866165747757
ITIC,Indonesian Tobacco Tbk.,2023,66000000.0,940720000.0,0.07015902712815715,3,1.0,2.0,0.5,1.0,4.0,0.25,610428100.0,940720000.0,0.6488945701165065,9254462122.0,36218089397.0,0.25552043953943526
ITIC,Indonesian Tobacco Tbk.,2024,66000000.0,940720000.0,0.07015902712815715,3,1.0,2.0,0.5,1.0,4.0,0.25,636560100.0,940720000.0,0.6766732927970065,8143567946.0,29384812158.0,0.27713527322252823
JPFA,Japfa Comfeed Indonesia Tbk.,2022,10545822425.0,11726575201.0,0.8993096658008631,3,2.0,4.0,0.5,0.0,5.0,0.0,2984800.0,11726575201.0,0.00025453296881987054,463598000000.0,1954529000000.0,0.2371916712415114
JPFA,Japfa Comfeed Indonesia Tbk.,2023,10520020188.0,11726575201.0,0.8971093441760294,3,2.0,4.0,0.5,0.0,5.0,0.0,2751400.0,11726575201.0,0.00023462945939794685,315315000000.0,1261237000000.0,0.25000455901626734
JPFA,Japfa Comfeed Indonesia Tbk.,2024,10929265207.0,11726575201.0,0.9320082820146833,3,2.0,4.0,0.5,0.0,5.0,0.0,2491400.0,11726575201.0,0.00021245759800248774,1029134000000.0,4241472000000.0,0.24263604710817377
KEJU,Mulia Boga Raya Tbk.,2022,1359126600.0,1500000000.0,0.9060844,3,1.0,3.0,0.3333333333333333,0.0,6.0,0.0,0.0,1500000000.0,0.0,33019161585.0,150389911968.0,0.21955702448995265
KEJU,Mulia Boga Raya Tbk.,2023,1359144300.0,1500000000.0,0.9060962,3,2.0,6.0,0.3333333333333333,0.0,3.0,0.0,4805900.0,1500000000.0,0.0032039333333333335,22638254124.0,102980669381.0,0.21983013181090055
KEJU,Mulia Boga Raya Tbk.,2024,1359474700.0,1500000000.0,0.9063164666666667,3,2.0,6.0,0.3333333333333333,0.0,4.0,0.0,7942400.0,1500000000.0,0.005294933333333333,39115890080.0,185996427344.0,0.21030452379418688
KMDS,Kurniamitra Duta Sentosa Tbk.,2022,609523811.0,800000000.0,0.76190476375,3,1.0,2.0,0.5,1.0,4.0,0.25,22425407.0,800000000.0,0.02803175875,13246909390.0,61240255109.0,0.21631048672841346
KMDS,Kurniamitra Duta Sentosa Tbk.,2023,609523811.0,800000000.0,0.76190476375,3,1.0,2.0,0.5,1.0,4.0,0.25,22425407.0,800000000.0,0.02803175875,13794734870.0,65034627432.0,0.21211369103980385
KMDS,Kurniamitra Duta Sentosa Tbk.,2024,609523811.0,800000000.0,0.76190476375,3,1.0,3.0,0.3333333333333333,1.0,5.0,0.2,22425407.0,800000000.0,0.02803175875,14613524014.0,69494992663.0,0.2102816829532586
LSIP,PP London Sumatra Indonesia Tb,2022,4065995310.0,6819963965.0,0.5961901457055573,3,2.0,5.0,0.4,1.0,9.0,0.1111111111111111,212000.0,6819963965.0,3.108520823394116e-05,248240000000.0,1283525000000.0,0.193404881089188
LSIP,PP London Sumatra Indonesia Tb,2023,4065995310.0,6819963965.0,0.5961901457055573,3,2.0,5.0,0.4,1.0,9.0,0.1111111111111111,212000.0,6819963965.0,3.108520823394116e-05,150753000000.0,911426000000.0,0.16540344471191298
LSIP,PP London Sumatra Indonesia Tb,2024,4065995310.0,6819963965.0,0.5961901457055573,3,2.0,5.0,0.4,2.0,9.0,0.2222222222222222,212000.0,6819963965.0,3.108520823394116e-05,297399000000.0,1773053000000.0,0.16773271864969633
MAIN,Malindo Feedmill Tbk.,2022,1282143142.0,2238750000.0,0.572704921049693,3,3.0,5.0,0.6,0.0,7.0,0.0,7390100.0,2238750000.0,0.003300993858179788,5611557000.0,31829214000.0,0.1763020915313837
MAIN,Malindo Feedmill Tbk.,2023,1282143142.0,2238750000.0,0.572704921049693,3,3.0,5.0,0.6,0.0,7.0,0.0,7594600.0,2238750000.0,0.0033923394751535457,48232867000.0,111395613000.0,0.43298713208750866
MAIN,Malindo Feedmill Tbk.,2024,1282143142.0,2238750000.0,0.572704921049693,3,3.0,5.0,0.6,0.0,7.0,0.0,8064600.0,2238750000.0,0.0036022780569514236,150206967000.0,638164550000.0,0.23537341113667312
MIDI,Midi Utama Indonesia Tbk.,2022,2762858500.0,2882353000.0,0.9585427253358627,3,1.0,2.0,0.5,1.0,5.0,0.2,18750000.0,2882353000.0,0.0065051019080591445,95900000000.0,495021000000.0,0.19372915492474058
MIDI,Midi Utama Indonesia Tbk.,2023,31478542363.0,33435294800.0,0.9414764413263077,3,2.0,3.0,0.6666666666666666,2.0,5.0,0.4,224460000.0,33435294800.0,0.006713265169117038,119622000000.0,635940000000.0,0.18810265119350883
MIDI,Midi Utama Indonesia Tbk.,2024,32102092633.0,33435294800.0,0.9601259036304355,3,2.0,3.0,0.6666666666666666,2.0,5.0,0.4,224460000.0,33435294800.0,0.006713265169117038,182698000000.0,658275000000.0,0.2775405415669743
MLBI,Multi Bintang Indonesia Tbk.,2022,1881951000.0,2107000000.0,0.8931898433792121,3,3.0,6.0,0.5,2.0,4.0,0.5,0.0,2107000000.0,0.0,321581000000.0,1246487000000.0,0.2579898546876141
MLBI,Multi Bintang Indonesia Tbk.,2023,1881951000.0,2107000000.0,0.8931898433792121,3,2.0,5.0,0.4,3.0,5.0,0.6,0.0,2107000000.0,0.0,331253000000.0,1397720000000.0,0.23699524940617578
MLBI,Multi Bintang Indonesia Tbk.,2024,1881951000.0,2107000000.0,0.8931898433792121,3,2.0,5.0,0.4,2.0,4.0,0.5,0.0,2107000000.0,0.0,305678000000.0,1447924000000.0,0.21111467176454013
MLPL,Multipolar Tbk.,2022,9109178006.0,15554751787.0,0.5856202741604056,3,2.0,5.0,0.4,0.0,5.0,0.0,72678.0,15569889687.0,4.667855807654317e-06,95297000000.0,634347000000.0,1.6669652415179255
MLPL,Multipolar Tbk.,2023,9109178006.0,15554751787.0,0.5856202741604056,3,2.0,5.0,0.4,0.0,4.0,0.0,7024200.0,15569889687.0,0.0004511399978552719,66636000000.0,291105000000.0,0.6529992019154031
MLPL,Multipolar Tbk.,2024,9109178006.0,15554751787.0,0.5856202741604056,3,1.0,3.0,0.3333333333333333,0.0,4.0,0.0,"  47,446,600 ",15569889687.0,0.003047330517673179,75585000000.0,444442000000.0,0.4305956615969822
MYOR,Mayora Indah Tbk.,2022,13207471425.0,22358699725.0,0.5907083858831151,3,2.0,5.0,0.4,0.0,6.0,0.0,5646110500.0,22358699725.0,0.2525240988717648,535992979785.0,2506057517934.0,0.2138789616556263
MYOR,Mayora Indah Tbk.,2023,13207471425.0,22358699725.0,0.5907083858831151,3,2.0,5.0,0.4,0.0,6.0,0.0,5646110500.0,22358699725.0,0.2525240988717648,848843741591.0,4093715832812.0,0.2073528735891577
MYOR,Mayora Indah Tbk.,2024,13207471425.0,22358699725.0,0.5907083858831151,3,2.0,5.0,0.4,0.0,6.0,0.0,5648519000.0,22358699725.0,0.25263181980498645,813426817929.0,3881094493336.0,0.20958696556491668
PGUN,Pradiksi Gunatama Tbk.,2022,5731887282.0,5737848882.0,0.9989610043550116,3,1.0,2.0,0.5,0.0,2.0,0.0,0.0,5737848882.0,0.0,21628659747.0,188875205126.0,0.11451296496314255
PGUN,Pradiksi Gunatama Tbk.,2023,5332123900.0,5737848882.0,0.9292897058908635,3,1.0,2.0,0.5,0.0,2.0,0.0,15800.0,5737848882.0,2.7536451943803564e-06,31342476545.0,139399064133.0,0.22483993518849085
PGUN,Pradiksi Gunatama Tbk.,2024,5057352000.0,5737848882.0,0.881402090575309,3,1.0,2.0,0.5,0.0,2.0,0.0,15800.0,5737848882.0,2.7536451943803564e-06,22641909865.0,101823072593.0,0.2223652192809251
PSGO,Palma Serasih Tbk.,2022,16640468600.0,18850000000.0,0.8827834801061007,3,1.0,2.0,0.5,3.0,7.0,0.42857142857142855,1600000000.0,18850000000.0,0.08488063660477453,60851959498.0,318534090195.0,0.19103751017904452
PSGO,Palma Serasih Tbk.,2023,16640101300.0,18850000000.0,0.8827639946949603,3,1.0,2.0,0.5,3.0,7.0,0.42857142857142855,1600000000.0,18850000000.0,0.08488063660477453,110383707164.0,659627712050.0,0.167342434448286
PSGO,Palma Serasih Tbk.,2024,16640397200.0,18850000000.0,0.8827796923076923,3,2.0,3.0,0.6666666666666666,3.0,7.0,0.42857142857142855,1600000000.0,18850000000.0,0.08488063660477453,88486017851.0,439133492122.0,0.20150141002321187
ROTI,Nippon Indosari Corpindo Tbk.,2022,6154384961.0,6186488888.0,0.9948106385413101,3,1.0,3.0,0.3333333333333333,3.0,5.0,0.6,0.0,5703234288.0,0.0,140534997731.0,572782719985.0,0.24535481401163833
ROTI,Nippon Indosari Corpindo Tbk.,2023,6137322193.0,6186488888.0,0.992052568768794,3,1.0,3.0,0.3333333333333333,3.0,5.0,0.6,0.0,5703234288.0,0.0,94690264300.0,427990685263.0,0.2212437502975395
ROTI,Nippon Indosari Corpindo Tbk.,2024,6101929323.0,6186488888.0,0.9863315740914008,3,1.0,3.0,0.3333333333333333,3.0,5.0,0.6,0.0,5692579488.0,0.0,106749297728.0,468944996208.0,0.22763713994434323
SDPC,Millennium Pharmacon Internati,2022,1178987259.0,1274000000.0,0.9254217103610675,2,4.0,5.0,0.8333333333333334,0.0,2.0,0.0,0.0,1274000000.0,0.0,12000079369.0,36464134244.0,0.3290926719581874
SDPC,Millennium Pharmacon Internati,2023,1142700184.0,1274000000.0,0.8969389199372056,4,3.0,5.0,0.6,0.0,2.0,0.0,0.0,1274000000.0,0.0,14879566285.0,47960768133.0,0.3102445366124553
SDPC,Millennium Pharmacon Internati,2024,1125879384.0,1274000000.0,0.8837357802197802,4,3.0,5.0,0.6,0.0,2.0,0.0,0.0,1274000000.0,0.0,10787170467.0,27701302589.0,0.3894102247481861
SGRO,Sampoerna Agro Tbk.,2022,1701533000.0,1818622000.0,0.935616637212131,3,2.0,3.0,0.6666666666666666,0.0,6.0,0.0,0.0,1818622000.0,0.0,364596000000.0,1404039000000.0,0.2596765474463316
SGRO,Sampoerna Agro Tbk.,2023,1720051000.0,1818622000.0,0.945799072044658,3,2.0,3.0,0.6666666666666666,0.0,6.0,0.0,0.0,1818622000.0,0.0,303526000000.0,744305000000.0,0.40779787855784927
SGRO,Sampoerna Agro Tbk.,2024,1727766500.0,1818622000.0,0.9500415699359185,3,2.0,3.0,0.6666666666666666,0.0,7.0,0.0,0.0,1818622000.0,0.0,370721000000.0,1068205000000.0,0.34705042571416533
SIMP,Salim Ivomas Pratama Tbk.,2022,13576047298.0,15501310000.0,0.8758,3,2.0,6.0,0.3333333333333333,1.0,9.0,0.1111111111111111,920000.0,15501310000.0,5.93498226924047e-05,887381000000.0,2396986000000.0,0.3702070016262089
SIMP,Salim Ivomas Pratama Tbk.,2023,13552795333.0,15501310000.0,0.8743,3,2.0,6.0,0.3333333333333333,1.0,9.0,0.1111111111111111,920000.0,15501310000.0,5.93498226924047e-05,560911000000.0,1487689000000.0,0.37703511957136204
SIMP,Salim Ivomas Pratama Tbk.,2024,13541944416.0,15501310000.0,0.8736,3,2.0,6.0,0.3333333333333333,1.0,11.0,0.09090909090909091,920000.0,15501310000.0,5.93498226924047e-05,801454000000.0,2985104000000.0,0.26848444811303057
SKLT,Sekar Laut Tbk.,2022,675325800.0,690740500.0,0.9776838045546772,3,1.0,3.0,0.3333333333333333,1.0,5.0,0.2,3658266.0,690740500.0,0.005296151014744322,17574233946.0,92439536022.0,0.19011599043311347
SKLT,Sekar Laut Tbk.,2023,6782686200.0,6907405000.0,0.9819441888813527,3,1.0,3.0,0.3333333333333333,1.0,5.0,0.2,37354910.0,6907405000.0,0.005407951321806091,27433389365.0,124697224386.0,0.22000000000064154
SKLT,Sekar Laut Tbk.,2024,6778534500.0,6907405000.0,0.9813431382697265,3,1.0,3.0,0.3333333333333333,1.0,5.0,0.2,37354910.0,6907405000.0,0.005407951321806091,34153623762.0,151442413569.0,0.22552218336403473
SMAR,Smart Tbk.,2022,2653897571.0,2872193366.0,0.9239968319737425,3,3.0,7.0,0.42857142857142855,0.0,6.0,0.0,0.0,2872193366.0,0.0,1301015000000.0,6805971000000.0,0.19115788180701915
SMAR,Smart Tbk.,2023,2653897571.0,2872193366.0,0.9239968319737425,3,3.0,7.0,0.42857142857142855,0.0,6.0,0.0,0.0,2872193366.0,0.0,191016000000.0,1108886000000.0,0.17225936660756833
SMAR,Smart Tbk.,2024,2653897571.0,2872193366.0,0.9239968319737425,3,3.0,7.0,0.42857142857142855,1.0,6.0,0.16666666666666666,0.0,2872193366.0,0.0,307173000000.0,1585442000000.0,0.193745971155047
SSMS,Sawit Sumbermas Sarana Tbk.,2022,6111017810.0,9525000000.0,0.6415766729658793,3,1.0,3.0,0.3333333333333333,0.0,3.0,0.0,60000.0,9525000000.0,6.299212598425197e-06,427447333000.0,2275566311000.0,0.18784217842114118
SSMS,Sawit Sumbermas Sarana Tbk.,2023,6748816400.0,9525000000.0,0.7085371548556431,3,1.0,3.0,0.3333333333333333,0.0,3.0,0.0,150000.0,9525000000.0,1.5748031496062993e-05,208119522000.0,552135147000.0,0.37693583379143225
SSMS,Sawit Sumbermas Sarana Tbk.,2024,6701127840.0,9525000000.0,0.7035304818897637,3,1.0,3.0,0.3333333333333333,0.0,2.0,0.0,0.0,9525000000.0,0.0,381411919000.0,1226103304000.0,0.3110764955576696
STTP,Siantar Top Tbk.,2022,832370300.0,1310000000.0,0.6353971755725191,3,1.0,2.0,0.5,0.0,3.0,0.0,0,1310000000.0,0.0,132199514819.0,756723520605.0,0.17469988869026637
STTP,Siantar Top Tbk.,2023,832340400.0,1310000000.0,0.6353743511450382,3,1.0,2.0,0.5,0.0,3.0,0.0,41750800.0,1310000000.0,0.03187083969465649,184846323957.0,1102640346668.0,0.1676397245172241
STTP,Siantar Top Tbk.,2024,832299500.0,1310000000.0,0.6353431297709924,3,1.0,2.0,0.5,0.0,3.0,0.0,41750800.0,1310000000.0,0.03187083969465649,194589882421.0,1509020656369.0,0.12895110587102332
TAPG,Triputra Agro Persada Tbk.,2022,17186500100.0,19852540000.0,0.8657078691190145,3,3.0,8.0,0.375,1.0,5.0,0.2,117094600.0,19852540000.0,0.0058982175580555435,600536000000.0,3689281000000.0,0.16277860103364314
TAPG,Triputra Agro Persada Tbk.,2023,17212934900.0,19852540000.0,0.8670394266930076,3,3.0,8.0,0.375,1.0,5.0,0.2,143529400.0,19852540000.0,0.007229775132048594,279840000000.0,1941098000000.0,0.14416582779437206
TAPG,Triputra Agro Persada Tbk.,2024,16497047532.0,19852540000.0,0.8309791861394058,3,3.0,7.0,0.42857142857142855,1.0,5.0,0.2,168120400.0,19852540000.0,0.008468457940394528,686305000000.0,3926904000000.0,0.17476999692378525
TBLA,Tunas Baru Lampung Tbk.,2022,2950315552.0,5342098939.0,0.5522764714186063,3,1.0,3.0,0.3333333333333333,1.0,7.0,0.14285714285714285,0,5342098939.0,0.0,218878000000.0,1020318000000.0,0.21451939493373634
TBLA,Tunas Baru Lampung Tbk.,2023,3843796586.0,6025373372.0,0.6379350039720659,3,1.0,3.0,0.3333333333333333,0.0,7.0,0.0,0,6025373372.0,0.0,173655000000.0,785873000000.0,0.22097081844012964
TBLA,Tunas Baru Lampung Tbk.,2024,3580253171.0,6025373372.0,0.5941960688506857,3,1.0,3.0,0.3333333333333333,0.0,8.0,0.0,0,6025373372.0,0.0,202940000000.0,903960000000.0,0.22450108411876632
TGKA,Tigaraksa Satria Tbk.,2022,897118000.0,918493000.0,0.052146287451292496,3,2.0,5.0,0.4,1.0,3.0,0.3333333333333333,4253250.0,918492750.0,0.0046306843467191225,126640962325.0,604907000000.0,0.20935608667943997
TGKA,Tigaraksa Satria Tbk.,2023,897157000.0,918493000.0,0.067756640496988,3,2.0,5.0,0.4,1.0,3.0,0.3333333333333333,2661250.0,918492750.0,0.002897409914231767,146416000000.0,587515000000.0,0.24921236053547569
TGKA,Tigaraksa Satria Tbk.,2024,897240000.0,918493000.0,0.06780998875331658,3,2.0,5.0,0.4,1.0,3.0,0.3333333333333333,2661250.0,918492750.0,0.002897409914231767,91199000000.0,493616000000.0,0.18475697708340086
UCID,Uni-Charm Indonesia Tbk.,2022,3338517900.0,4156572300.0,0.803190142993543,3,2.0,5.0,0.4,1.0,4.0,0.25,500.0,4156572300.0,1.2029142377723105e-07,117435000000.0,431083000000.0,0.27241853656952375
UCID,Uni-Charm Indonesia Tbk.,2023,3338517900.0,4156572300.0,0.803190142993543,3,2.0,5.0,0.4,1.0,4.0,0.25,10000.0,4156572300.0,2.4058284755446214e-06,139683000000.0,574215000000.0,0.24325905801833808
UCID,Uni-Charm Indonesia Tbk.,2024,3325257900.0,4156572300.0,0.8000000144349708,3,2.0,5.0,0.4,1.0,4.0,0.25,359400.0,4156572300.0,8.646547541107369e-05,111188000000.0,461629000000.0,0.24086008461340166
ULTJ,Ultrajaya Milk Industry & Trad,2022,8104831620.0,10398175200.0,0.7794474957490618,2,1.0,3.0,0.3333333333333333,0.0,3.0,0.0,5632527360.0,11553528000.0,0.48751579257868244,323512000000.0,1288998000000.0,0.2509794429471574
ULTJ,Ultrajaya Milk Industry & Trad,2023,8138688420.0,10398175200.0,0.782703528596056,2,1.0,3.0,0.3333333333333333,0.0,3.0,0.0,4066384160.0,10398175200.0,0.3910670941570594,321124000000.0,1507285000000.0,0.21304796372285267
ULTJ,Ultrajaya Milk Industry & Trad,2024,8139453720.0,10398175200.0,0.7827771280483906,3,2.0,4.0,0.5,0.0,3.0,0.0,5667149460.0,10398175200.0,0.5450138462756426,353047000000.0,1506963000000.0,0.23427715212649547
UNSP,Bakrie Sumatera Plantations Tb,2022,1151318609.0,2500162338.0,0.4604975411000692,3,1.0,3.0,0.3333333333333333,0.0,4.0,0.0,0,2500162338.0,0.0,16510000000.0,946717000000.0,0.017439213619275876
UNSP,Bakrie Sumatera Plantations Tb,2023,1018479309.0,2500162338.0,0.407365271254638,3,1.0,3.0,0.3333333333333333,0.0,4.0,0.0,0,2500162338.0,0.0,68858000000.0,94995000000.0,0.7248592031159534
UNSP,Bakrie Sumatera Plantations Tb,2024,1102773015.0,2500162344.0,0.4410805632868135,3,1.0,3.0,0.3333333333333333,0.0,4.0,0.0,0,2500162338.0,0.0,141369000000.0,280258000000.0,0.5044244945728579
UNVR,Unilever Indonesia Tbk.,2022,36818758829.0,38150000000.0,0.9651050807077326,3,5.0,6.0,0.8333333333333334,6.0,12.0,0.5,0,38150000000.0,0.0,1629042000000.0,6993803000000.0,0.2329264922103182
UNVR,Unilever Indonesia Tbk.,2023,37005372439.0,38150000000.0,0.9699966563302752,3,5.0,6.0,0.8333333333333334,5.0,11.0,0.45454545454545453,0,38150000000.0,0.0,1400936000000.0,6201876000000.0,0.2258890696943957
UNVR,Unilever Indonesia Tbk.,2024,36620518230.0,38150000000.0,0.9599087347313238,3,5.0,6.0,0.8333333333333334,2.0,6.0,0.3333333333333333,0,38150000000.0,0.0,981731000000.0,4350424000000.0,0.22566329166996135
VICI,Victoria Care Indonesia Tbk.,2022,"5,698,350,000",6708000000.0,0.8494856887298747,3,1.0,3.0,0.3333333333333333,1.0,5.0,0.2,1635500.0,6708000000.0,0.00024381335718545022,34757414841.0,132396468529.0,0.26252524124830995
VICI,Victoria Care Indonesia Tbk.,2023,"5,698,350,000",6708000000.0,0.8494856887298747,3,2.0,5.0,0.4,1.0,5.0,0.2,1635500.0,6708000000.0,0.00024381335718545022,57301606431.0,235756772393.0,0.24305391463147372
VICI,Victoria Care Indonesia Tbk.,2024,"5,698,350,000",6708000000.0,0.8494856887298747,3,2.0,5.0,0.4,1.0,5.0,0.2,21635500.0,6708000000.0,0.0032253279666070362,51047316672.0,226992947180.0,0.2248850341218782
WIIM,Wismilak Inti Makmur Tbk.,2022,1353886517.0,2099873760.0,0.6447466237208469,3,2.0,4.0,0.5,0.0,5.0,0.0,1129946737.0,2099873760.0,0.5381022223926452,69826921963.0,319471051042.0,0.21857042049741165
WIIM,Wismilak Inti Makmur Tbk.,2023,1350086917.0,2099873760.0,0.6429371816141938,3,2.0,4.0,0.5,0.0,5.0,0.0,1325986517.0,2099873760.0,0.6314601107258943,140106627787.0,634835802093.0,0.2206974265236464
WIIM,Wismilak Inti Makmur Tbk.,2024,1326280267.0,2099873760.0,0.6316000000876243,3,2.0,4.0,0.5,0.0,4.0,0.0,1326942759.0,2099873760.0,0.6319154914341136,78021500000.0,376735000000.0,0.20709915457815176
